"","M","B","A"
"190",0.332173483656093,0.334273193113448,0.333553323230459
"191",0.181078528537719,0.663628000013423,0.155293471448858
"192",0.0157919067703725,0.7859642480692,0.198243845160427
"193",0.00243782156523959,0.743670043379104,0.253892135055656
"194",0.00428649867942172,0.574477654246447,0.421235847074131
"195",0.00989000400034985,0.360403565545607,0.629706430454043
"196",0.00663490086828263,0.206914624433475,0.786450474698242
"197",0.000840720786020999,0.252621412650335,0.746537866563644
"198",0.00635751332623845,0.213506998875238,0.780135487798523
"199",0.00113718474170344,0.764737816073102,0.234124999185195
"200",0.000222383263051383,0.821638790007765,0.178138826729184
"201",0.000164632897425874,0.828808720322957,0.171026646779617
"202",0.00224773738728574,0.786319465634582,0.211432796978132
"203",0.00031356870891592,0.856967320647147,0.142719110643938
"204",0.000197226236374404,0.860440941859939,0.139361831903687
"205",0.000293188854766309,0.828178103680359,0.171528707464875
"206",0.000495326948034058,0.945200429312818,0.0543042437391479
"207",0.000518426007846314,0.960933079380713,0.0385484946114411
"208",0.000335277474363034,0.827761039559667,0.17190368296597
"209",0.000187028055459947,0.950954109492195,0.0488588624523452
"210",7.32768211024488e-06,0.997201920121855,0.00279075219603495
"211",3.31863694027055e-05,0.985276183933067,0.0146906296975304
"212",0.0314470556582052,0.645391246329202,0.323161698012593
"213",0.745358872694441,0.0401129961785873,0.214528131126972
"214",0.687931165774562,0.0655725942202984,0.24649624000514
"215",0.96884794857257,0.000103924428959253,0.0310481269984708
"216",0.000829836616318436,0.834039753092825,0.165130410290857
"217",0.00334048521832067,0.854759285657302,0.141900229124377
"218",0.00441142737300553,0.825320223457303,0.170268349169691
"219",0.00775804890713349,0.798087336458438,0.194154614634429
"220",0.0440207391296381,0.110332277015955,0.845646983854407
"221",0.433621008200157,0.00870691682372744,0.557672074976116
"222",0.679570250649441,0.00168641486944907,0.31874333448111
"223",0.864682148465839,3.89774731203025e-05,0.135278874061041
"224",0.906534276337352,0.000261436857793276,0.0932042868048552
"225",0.92331944739877,0.000208654432403097,0.0764718981688267
"226",0.933431185202657,0.00514195881579016,0.0614268559815534
"227",0.97502763588934,0.000998239233441328,0.023974124877219
"228",0.983862787338284,9.15610352555923e-05,0.0160456516264605
"229",0.997803697641139,1.51729937630042e-07,0.00219615062892323
"230",0.99648054431457,4.30173249081822e-06,0.0035151539529396
"231",0.937877521937149,0.000236901585960324,0.0618855764768904
"232",0.928693046016507,0.00592309062167623,0.0653838633618169
"233",0.947805426053055,0.000243896955387169,0.0519506769915576
"234",0.957417029066022,3.43678795262234e-05,0.0425486030544518
"235",0.963527570752215,2.90842118271625e-05,0.0364433450359575
"236",0.983257630158673,1.29624957914816e-05,0.0167294073455351
"237",0.985805784167995,3.7922115835143e-06,0.0141904236204219
"238",0.988962914079437,3.36264541578411e-05,0.0110034594664046
"239",0.98664629180998,2.263880130335e-06,0.01335144430989
"240",0.987186296965631,1.32148515902693e-06,0.0128123815492104
"241",0.98886463826224,8.57038222891367e-06,0.0111267913555311
"242",0.99012313602148,4.99720842416428e-06,0.00987186677009621
"243",0.997693864205271,1.73302971582374e-07,0.002305962491757
"244",0.987367250008188,2.06519717113773e-05,0.0126120980201009
"245",0.98470556624085,2.74346424887912e-05,0.0152669991166614
"246",0.98515778731099,3.90144079118929e-05,0.014803198281098
"247",0.969136716031725,8.40763970637539e-05,0.0307792075712108
"248",0.970598921202561,6.87278245212954e-05,0.0293323509729179
"249",0.980006957862558,3.32744032918883e-05,0.0199597677341501
"250",0.982968306199623,5.40234932494463e-06,0.0170262914510522
"251",0.983443051731698,7.46605269527001e-06,0.016549482215607
"252",0.961460343201564,0.00101432254869981,0.037525334249736
"253",0.999997022176189,3.3644451980828e-12,2.97782044692442e-06
"254",0.944247460777287,0.000129473006606766,0.0556230662161063
"255",0.956747604000554,0.000199883956172644,0.0430525120432735
"256",0.966960894636167,0.000273153333240349,0.0327659520305925
"257",0.962467311871384,0.00263870096980645,0.0348939871588098
"258",0.93974433804362,0.0179782151363638,0.0422774468200167
"259",0.00020834478446911,0.999455997253128,0.00033565796240341
"260",0.96829126130243,0.000153411637361429,0.0315553270602085
"261",0.970762523540419,0.000376652260565629,0.0288608241990149
"262",0.997538224487628,1.04849902084427e-06,0.00246072701335116
"263",0.99755555731082,1.47105009820189e-07,0.00244429558416988
"264",0.957652080354835,0.000663140943234798,0.0416847787019302
"265",0.967303715976467,0.00168433239808641,0.0310119516254469
"266",0.956872838059431,0.00206372032033446,0.0410634416202348
"267",0.964648160333864,0.00141473546550766,0.0339371042006279
"268",0.906727047275665,0.00812217469245837,0.0851507780318771
"269",0.90138272218216,0.000182242067364439,0.0984350357504752
"270",0.920102827432306,6.9183122506612e-05,0.079827989445187
"271",0.919692208504839,0.000394490850354514,0.0799133006448068
"272",0.903985896869868,0.00536771675666346,0.0906463863734688
"273",0.866676326185013,0.0184426866603673,0.11488098715462
"274",0.629188450916724,0.196719872329032,0.174091676754244
"275",0.591487172536334,0.196295859923979,0.212216967539686
"276",2.83118520595668e-05,0.99970906282562,0.000262625322319968
"277",0.263143691180015,0.536250148376077,0.200606160443908
"278",2.05052593506448e-07,0.999995633816477,4.16113092937297e-06
"279",0.871525334228556,0.0117737377366141,0.116700928034829
"280",0.595211950234702,0.258963402797548,0.14582464696775
"281",0.0467843717211361,0.887508644729035,0.0657069835498292
"282",1.33847670357734e-06,0.999977841221687,2.0820301609013e-05
"283",0.884942997060225,0.00547205798946096,0.109584944950314
"284",0.9339745915203,0.000942227421027967,0.0650831810586715
"285",0.947066539593289,0.000896517671794674,0.0520369427349162
"286",0.992969873068965,9.76143295754515e-06,0.00702036549807765
"287",0.971955189041265,0.000423815661745386,0.0276209952969899
"288",0.791112050083347,0.0906995798818647,0.118188370034788
"289",0.999940631007707,6.2798635802903e-09,5.93627124299228e-05
"290",0.944855407317779,0.000495588744443342,0.0546490039377775
"291",0.946735263853115,0.00116388624048109,0.0521008499064043
"292",0.990786854607622,0.000174755747762353,0.00903838964461611
"293",0.975560969901123,0.00104450271810908,0.0233945273807677
"294",0.993624757400975,8.16887223557439e-06,0.00636707372678962
"295",0.945274429007691,0.00278862631198586,0.0519369446803233
"296",0.928040852960876,0.00034228067055828,0.0716168663685662
"297",0.940228559096499,0.000195618334849726,0.0595758225686509
"298",0.950576056974574,0.000380224178429937,0.0490437188469963
"299",0.953582406379382,0.000216792321938908,0.0462008012986788
"300",0.988976879859166,0.000108692031198232,0.0109144281096361
"301",0.989283659056368,2.17199460131683e-05,0.0106946209976187
"302",0.993820317001501,4.4461216487943e-06,0.00617523687684983
"303",0.999910575003463,1.65063779020386e-09,8.94233458995126e-05
"304",0.963891053741333,0.000337514884981758,0.0357714313736848
"305",0.971923664389287,0.000213860311137187,0.0278624752995756
"306",0.975099888891873,0.000102053474580336,0.0247980576335471
"307",0.987737910665006,9.94692449829388e-06,0.0122521424104962
"308",0.989370305062317,1.64465672671629e-06,0.0106280502809565
"309",0.981289804180981,0.000204798535274062,0.0185053972837447
"310",0.986054525284833,2.09259354174289e-05,0.0139245487797496
"311",0.941945402127883,0.00628887642761653,0.0517657214445
"312",0.914997920799366,0.0249995662206677,0.0600025129799659
"313",0.943235188119383,0.00195168968221443,0.0548131221984021
"314",0.973204587040633,0.00164895799914791,0.0251464549602189
"315",0.995849288268397,2.9953060685779e-05,0.00412075867091744
"316",0.996129939316902,1.05711085528357e-06,0.00386900357224271
"317",0.996456549618292,4.72911244019419e-07,0.00354297747046382
"318",0.920380354512729,0.00592436832269707,0.0736952771645744
"319",0.906739799937092,0.0168163667413194,0.0764438333215885
"320",0.860404694819181,0.0470656644732009,0.0925296407076181
"321",0.939748116622354,0.00610877383637675,0.0541431095412691
"322",0.60124681577035,0.10677019861592,0.29198298561373
"323",0.490167395645467,0.0534037389097334,0.456428865444799
"324",0.718681526063401,0.0187249024701278,0.262593571466471
"325",0.99963767625261,2.02695419276233e-07,0.000362121051970499
"326",0.82782984672088,0.0213924307471488,0.150777722531971
"327",0.00128381684340348,0.983303666356536,0.0154125168000601
"328",0.0143282613065398,0.488355827795589,0.497315910897871
"329",0.00180148064968096,0.857481113834756,0.140717405515563
"330",0.00261380539865001,0.855586994975586,0.141799199625764
"331",0.00259205558643732,0.855319152579927,0.142088791833635
"332",0.00280207756869744,0.517360036376795,0.479837886054508
"333",0.00543373252880313,0.860007861398064,0.134558406073132
"334",0.00359733090769644,0.859419145585061,0.136983523507243
"335",1.06738364307305e-05,0.99914996036302,0.000839365800549184
"336",8.63267402973863e-05,0.993050431143197,0.0068632421165052
"337",1.28802770682372e-05,0.995454920899603,0.00453219882332881
"338",0.00191842694436864,0.774289348771205,0.223792224284427
"339",0.00118991558213789,0.692937338747215,0.305872745670647
"340",1.21050254969377e-11,8.83447575917549e-05,0.999911655230303
"341",0.000678143508571655,0.673176520249475,0.326145336241953
"342",3.91962500879118e-05,0.245024965354475,0.754935838395437
"343",1.66793842589048e-05,0.133713258575573,0.866270062040169
"344",0.135351092732745,0.111204113931949,0.753444793335306
"345",0.16979160014744,0.451107604323169,0.37910079552939
"346",0.0638791671291768,0.609755305496193,0.32636552737463
"347",0.0844048342562113,0.525877579187681,0.389717586556108
"348",0.0076270491433135,0.840097399664576,0.15227555119211
"349",0.00239549589791785,0.945500170582976,0.0521043335191063
"350",0.872855731260603,0.00268943516189129,0.124454833577505
"351",0.925274942432246,0.00160364907501662,0.0731214084927376
"352",0.930720656952718,0.00972110165693314,0.0595582413903484
"353",0.99994663383568,5.01230338613857e-09,5.33611520163364e-05
"354",0.930400352388098,0.00241890175584331,0.0671807458560583
"355",0.932177602531854,0.00584095983077425,0.0619814376373716
"356",0.892052158775618,0.0080488780372116,0.0998989631871699
"357",0.997740943207477,1.20490252643156e-05,0.00224700776725883
"358",0.997762201821778,1.24741921753202e-06,0.00223655075900407
"359",0.968125442650765,0.00211371318075225,0.0297608441684832
"360",0.97094160547289,0.000696922279180059,0.0283614722479302
"361",0.990289616229464,5.49967874267961e-05,0.00965538698310901
"362",0.92997639148302,0.0202560936208336,0.0497675148961468
"363",0.0456864168276031,0.676265746322654,0.278047836849743
"364",0.133619667712983,0.588035781247692,0.278344551039325
"365",0.57001636066215,0.144417768343241,0.28556587099461
"366",0.529546240874951,0.147691199370695,0.322762559754354
"367",0.00745252090910829,0.910324170718561,0.0822233083723311
"368",0.0144892975727382,0.792595136040251,0.19291556638701
"369",0.00905091845390132,0.901857162259979,0.0890919192861197
"370",0.936948932388647,0.0181838585097067,0.0448672091016465
"371",0.706098228525678,0.160424648830553,0.133477122643769
"372",0.829778650272043,0.01761605094516,0.152605298782797
"373",0.775696112492603,0.0351583708344,0.189145516672997
"374",0.864503813234891,0.00752604615873421,0.127970140606375
"375",0.981707929694973,0.000203952233517802,0.0180881180715088
"376",0.862494737536593,0.00642249358142932,0.131082768881978
"377",0.913122981805256,0.0075545180739321,0.0793225001208122
