Species	Codex	Zooregion_new	Zooregion_numeric	binary
Acontista_multicolor	KX434843.1_Acomul	R.Neotropical	2	0100000
Acromantis_hesione	NC_086817.1_Acrhes	R.Indo-Malaysian	6	0000010
Acromantis_japonica	NC_085562.1_Acrjap	R.Palearctic_R.Indo-Malaysian	3_6	0010010
Amantis_nawai	NC_037203.1_Amanaw	R.Palearctic_R.Indo-Malaysian	3_6	0010010
Amantis_wuzhishana	NC_086818.1_Amawuz	R.Indo-Malaysian	6	0000010
Ambivia_parapopa	MG888436.1_Ambpar	R.Indo-Malaysian	6	0000010
Ambivia_undata	KY689128.1_Ambund	R.Indo-Malaysian	6	0000010
Ameles_andreae	AA001_Ameand	R.Palearctic	3	0010000
Ameles_assoi	43assoi_Ameass	R.Palearctic	3	0010000
Ameles_decolor	ADEC02_Amedec	R.Palearctic	3	0010000
Ameles_dumonti	59T3_Amedum	R.Palearctic	3	0010000
Ameles_picteti	41K26_Amepic	R.Palearctic	3	0010000
Ameles_serpentiscauda	AA003_Ameser	R.Palearctic	3	0010000
Ameles_spallanzania	AA005_Amespa	R.Palearctic	3	0010000
Ameles_spallanzania2	23spal_Amespa2	R.Palearctic	3	0010000
Amorphoscelis_chinensis	KX434846.1_Amochi	R.Palearctic	3	0010000
Amorphoscelis_hainana	NC_057070.1_Amohai	R.Indo-Malaysian	6	0000010
Amorphoscelis_sp.	MG888437.1_Amospe	R.Afrotropical_R.Indo-Malaysian	4_6	0001010
Anaxarcha_graminea	OM202555.1_Anagra	R.Indo-Malaysian	6	0000010
Anaxarcha_sinensis	NC_086822.1_Anasin	R.Palearctic	3	0010000
Anaxarcha_sp.	OM202554.1_Anaspe	R.Palearctic_R.Indo-Malaysian	3_6	0010010
Anaxarcha_tianmushanensis	NC_086826.1_Anatia	R.Palearctic	3	0010000
Anaxarcha_zhengi	NC_030268.1_Anazhe	R.Palearctic	3	0010000
Apteromantis_aptera	AAP07_Aptapt	R.Palearctic	3	0010000
Arria_brevifrons	NC_086828.1_Arrbre	R.Palearctic	3	0010000
Arria_pallida	NC_051892.1_Arrpal	R.Palearctic	3	0010000
Arria_pallida_2	OM202563.1_Arrpal2	R.Palearctic	3	0010000
Arria_pura	NC_086829.1_Arrpur	R.Palearctic	3	0010000
Asiadodis_yunnanensis	MW357297.1_Asiyun	R.Indo-Malaysian	6	0000010
Astyliasula_basinigra	PP438763.1_Astbas	R.Indo-Malaysian	6	0000010
Astyliasula_major	NC_086830.1_Astmaj	R.Indo-Malaysian	6	0000010
Blepharopsis_mendica	KX434828.1_Blemen	R.Palearctic	3	0010000
Bolivaria_brachyptera	OZ336339.1_Bolbra	R.Palearctic	3	0010000
Brunneria_borealis	KX434826.1_Brubor	R.Nearctic	1	1000000
Caliris_sp.	KY689126.1_Calspe	R.Indo-Malaysian	6	0000010
Callibia_diana	NC_077476.1_Caldia	R.Neotropical	2	0100000
Camelomantis_moultoni	KX434812.1_Cammou	R.Indo-Malaysian	6	0000010
Carrikerella_sp.	OM910846.1_Carspe	R.Neotropical	2	0100000
Ceratocrania_macra	PP438765.1_Cermac	R.Indo-Malaysian	6	0000010
Ceratomantis_saussurii	KX091850.1_Cersau	R.Indo-Malaysian	6	0000010
Ceratomantis_yunnanensis	PP438766.1_Ceryun	R.Palearctic	3	0010000
Cheddikulama_straminea	NC_077479.1_Chestr	R.Indo-Malaysian	6	0000010
Chlidonoptera_lestoni	PP438767.1_Chlles	R.Afrotropical	4	0001000
Cilnia_humeralis	NC_069808.1_Cilhum	R.Afrotropical	4	0001000
Citharomantis_falcata	NC_069809.1_Citfal	R.Indo-Malaysian	6	0000010
Creobroter_apicalis	KX434867.1_Creapi	R.Indo-Malaysian	6	0000010
Creobroter_elongata	KX091851.1_Creelo	R.Palearctic	3	0010000
Creobroter_gemmatus	NC_030267.1_Cregem	R.Palearctic_R.Indo-Malaysian	3_6	0010010
Creobroter_jiangxiensis	NC_037234.1_Crejia	R.Palearctic_R.Indo-Malaysian	3_6	0010010
Creobroter_sp.	MW222469.1_Crespe	R.Palearctic_R.Indo-Malaysian	3_6	0010010
Decimiana_sp.	KX434844.1_Decspe	R.Neotropical	2	0100000
Deroplatys_desiccata	KX434834.1_Derdes	R.Indo-Malaysian	6	0000010
Deroplatys_desiccata_2	KY689113.1_Derdes2	R.Indo-Malaysian	6	0000010
Deroplatys_lobata	KX434850.1_Derlob	R.Indo-Malaysian	6	0000010
Deroplatys_truncata	NC_069810.1_Dertru	R.Indo-Malaysian	6	0000010
Empusa_pennicornis	KX434825.1_Emppen	R.Palearctic	3	0010000
Eomantis_yunnanensis	NC_037208.1_Eomyun	R.Palearctic_R.Indo-Malaysian	3_6	0010010
Eremiaphila_sp.	MK400676.1_Erespe	R.Palearctic	3	0010000
Galinthias_amoena	NC_077478.1_Galamo	R.Afrotropical	4	0001000
Gongylus_gongylodes	KX434815.1_Gongon	R.Indo-Malaysian	6	0000010
Gonypeta_brunneri	NC_086831.1_Gonbru	R.Palearctic	3	0010000
Gonypeta_sp.	OM177664.1_Gonspe	R.Indo-Malaysian	6	0000010
Haania_sp.	KY689130.1_Haaspe	R.Indo-Malaysian	6	0000010
Haania_vitalisi	KX434845.1_Haavit	R.Indo-Malaysian	6	0000010
Hestiasula_hoffmanni	KX434859.1_Heshof	R.Indo-Malaysian	6	0000010
Hestiasula_sp.	KX091855.1_Hesspe	R.Indo-Malaysian	6	0000010
Heterochaeta_sp.	KX434823.1_Hetspe	R.Afrotropical	4	0001000
Hierodula_chinensis	NC_065745.1_Hiechi	R.Palearctic_R.Indo-Malaysian	3_6	0010010
Hierodula_formosana	NC_029326.1_Hiefor	R.Palearctic_R.Indo-Malaysian	3_6	0010010
Hierodula_latipennis	NC_086819.1_Hielat	R.Indo-Malaysian	6	0000010
Hierodula_longa	OK542392.1_Hielon	R.Palearctic_R.Indo-Malaysian	3_6	0010010
Hierodula_maculata	NC_065758.1_Hiemac	R.Palearctic	3	0010000
Hierodula_majuscula	KX434819.1_Hiemaj	R.Australasian	7	0000001
Hierodula_membranacea	NC_048984.1_Hiemem	R.Indo-Malaysian	6	0000010
Hierodula_multispina	KX434830.1_Hiemul	R.Palearctic_R.Indo-Malaysian_R.Australasian	3_6_7	0010011
Hierodula_patellifera	NC_034283.1_Hiepat	R.Palearctic_R.Indo-Malaysian_R.Australasian	3_6_7	0010011
Hierodula_sp.	OL414959.1_Hiespe	R.Palearctic_R.Indo-Malaysian_R.Australasian	3_6_7	0010011
Hierodula_sp._2	MW357298.1_Hiespe2	R.Palearctic_R.Indo-Malaysian_R.Australasian	3_6_7	0010011
Hierodula_zhangi	NC_065746.1_Hiezha	R.Palearctic	3	0010000
Hierodulella_sp.	KY689136.1_Hiedul	R.Indo-Malaysian	6	0000010
Humbertiella_nada	NC_030264.1_Humnad	R.Indo-Malaysian	6	0000010
Humbertiella_nada_2	KX434857.1_Humnad2	R.Indo-Malaysian	6	0000010
Hymenopus_coronatoides	MG888449.1_Hymcor	R.Indo-Malaysian	6	0000010
Hymenopus_coronatus	KX434861.1_Hymcor	R.Indo-Malaysian	6	0000010
Idolomantis_diabolica	KX434864.1_Idodia	R.Afrotropical	4	0001000
Idolomorpha_lateralis	KX434824.1_Idolat	R.Afrotropical	4	0001000
Iris_polystictica	KX434820.1_Iripol	R.Palearctic	3	0010000
Leptomantella_albella	NC_024028.1_Lepalb	R.Indo-Malaysian	6	0000010
Leptomantella_lactea	MG888453.1_Leplac	R.Indo-Malaysian	6	0000010
Leptomantella_sp.	OM202571.1_Lepspe	R.Palearctic_R.Indo-Malaysian	3_6	0010010
Leptomantella_tonkinae	OK480879.1_Lepton	R.Palearctic_R.Indo-Malaysian	3_6	0010010
Majangella_moultoni	PP072306.1_Majmou	R.Indo-Malaysian	6	0000010
Mantis_religiosa	NC_030265.1_Manrel	R.Nearctic_R.Palearctic_R.Afrotropical_R.Indo-Malaysian	1_3_4_6	1011010
Mekongomantis_quinquespinosa	MN267041.1_Mekqui	R.Indo-Malaysian	6	0000010
Mesopteryx_alata	MW357300.1_Mesala	R.Palearctic_R.Indo-Malaysian	3_6	0010010
Mesopteryx_alata_2	KX434813.1_Mesala2	R.Palearctic_R.Indo-Malaysian	3_6	0010010
Metallyticus_sp.	KX434871.1_Metspe	R.Indo-Malaysian	6	0000010
Metallyticus_splendidus	MG888455.1_Metspl	R.Indo-Malaysian	6	0000010
Miomantis_caffra	KX434808.1_Miocaf	R.Nearctic_R.Afrotropical_R.Australasian	1_4_7	1001001
Miromantis_sp.	OM202562.1_Mirspe	R.Indo-Malaysian	6	0000010
Miromantis_yunnanensis	KX434810.1_Miryun	R.Indo-Malaysian	6	0000010
Neodanuria_bolauana	KX434858.1_Neobol	R.Afrotropical	4	0001000
Odontomantis_sp.	PP072307.1_Odospe	R.Palearctic_R.Indo-Malaysian	3_6	0010010
Orthodera_ministralis	KX434842.1_Ortmin	R.Australasian	7	0000001
Otomantis_scutigera	NC_086621.1_Otoscu	R.Afrotropical	4	0001000
Otomantis_sp.	KX434856.1_Otospe	R.Afrotropical	4	0001000
Pachymantis_bicingulata	NC_069811.1_Pacbic	R.Indo-Malaysian	6	0000010
Panurgica_fratercula	PP438770.1_Panfra	R.Afrotropical	4	0001000
Parablepharis_kuhlii	KY689117.1_Parkuh	R.Indo-Malaysian	6	0000010
Parablepharis_kuhlii_asiatica	MG888456.1_Parkuhasi	R.Indo-Malaysian	6	0000010
Parasphendale_agrionina	NC_066978.1_Paragr	R.Afrotropical	4	0001000
Paratoxodera_gigliotosi	MG888457.1_Pargig	R.Indo-Malaysian	6	0000010
Paratoxodera_polyacantha	NC_037697.1_Parpol	R.Indo-Malaysian	6	0000010
Parymenopus_davisoni	KX434870.1_Pardav	R.Indo-Malaysian	6	0000010
Phyllocrania_paradoxa	NC_086795.1_Phypar	R.Afrotropical_R.Madagascan	4_5	0001100
Phyllothelys_breve	NC_086622.1_Phybre	R.Palearctic_R.Indo-Malaysian	3_6	0010010
Phyllothelys_breve_2	MT024239.1_Phybre2	R.Palearctic_R.Indo-Malaysian	3_6	0010010
Phyllothelys_shaanxiense	KX091863.1_Physha	R.Palearctic	3	0010000
Phyllothelys_sinensis	NC_086824.1_Physin	R.Palearctic	3	0010000
Phyllothelys_sp.	KY689119.1_Physpe	R.Palearctic_R.Indo-Malaysian	3_6	0010010
Phyllothelys_werneri	NC_086825.1_Phywer	R.Palearctic_R.Indo-Malaysian	3_6	0010010
Pliacanthopus_bimaculatus	NC_051490.1_Plibim	R.Palearctic	3	0010000
Plistospilota_sp.	KX434821.1_Plispe	R.Afrotropical	4	0001000
Pnigomantis_medioconstricta	KX434851.1_Pnimed	R.Indo-Malaysian	6	0000010
Polyspilota_griffinii	KX434863.1_Polgri	R.Afrotropical	4	0001000
Popa_spurca	KX434839.1_Popspu	R.Afrotropical_R.Madagascan	4_5	0001100
Prohierodula_picta	KX434855.1_Propic	R.Afrotropical	4	0001000
Prohierodula_sp.	KX434868.1_Prospe	R.Afrotropical	4	0001000
Pseudacanthops_lobipes	PV564197.1_Pselob	R.Neotropical	2	0100000
Pseudempusa_pinnapavonis	NC_086821.1_Psepin	R.Palearctic_R.Indo-Malaysian	3_6	0010010
Pseudempusa_pinnapavonis_2	KX434847.1_Psepin2	R.Palearctic_R.Indo-Malaysian	3_6	0010010
Pseudocreobotra_wahlbergii	KX434811.1_Psewah	R.Afrotropical	4	0001000
Pseudogalepsus_sp.	KX434841.1_Psespe	R.Afrotropical	4	0001000
Pseudovates_chlorophaea	KX434838.1_Psechl	R.Nearctic_R.Neotropical	1_2	1100000
Pseudovates_peruviana	MW357301.1_Pseper	R.Neotropical	2	0100000
Pseudoyersinia_betancuriae	16CI1f_Psebet	R.Palearctic	3	0010000
Psychomantis_borneensis	NC_045876.1_Psybor	R.Indo-Malaysian	6	0000010
Raptrix_fusca	NC_077477.1_Rapfus	R.Neotropical	2	0100000
Rhombodera_brachynota	NC_034282.1_Rhobra	R.Palearctic_R.Indo-Malaysian	3_6	0010010
Rhombodera_latipronotum	KX091864.1_Rholat	R.Palearctic_R.Indo-Malaysian	3_6	0010010
Rhombodera_longa	NC_051489.1_Rholon	R.Palearctic_R.Indo-Malaysian	3_6	0010010
Rhombodera_sp.	KX619654.1_Rhospe	R.Palearctic_R.Indo-Malaysian_R.Australasian	3_6_7	0010011
Rhombodera_valida	NC_034284.1_Rhoval	R.Palearctic_R.Indo-Malaysian	3_6	0010010
Rivetina_baetica	RBE05_Rivbae	R.Palearctic	3	0010000
Sceptuchus_simplex	NC_037206.1_Scesim	R.Indo-Malaysian	6	0000010
Schizocephala_bicornis	NC_037207.1_Schbic	R.Indo-Malaysian	6	0000010
Sibylla_pretiosa	NC_037235.1_Sibpre	R.Afrotropical	4	0001000
Sinomantis_denticulata	NC_063851.1_Sinden	R.Palearctic_R.Indo-Malaysian	3_6	0010010
Sinomiopteryx_grahami	KX434860.1_Singra	R.Palearctic	3	0010000
Sinomiopteryx_guangxiensis	MG888464.1_Singua	R.Palearctic_R.Indo-Malaysian	3_6	0010010
Sinomiopteryx_sp.	OM202561.1_Sinspe	R.Palearctic_R.Indo-Malaysian	3_6	0010010
Sphodromantis_lineola	NC_037204.1_Sphlin	R.Afrotropical	4	0001000
Sphodromantis_viridis	KX434840.1_Sphvir	R.Palearctic_R.Afrotropical	3_4	0011000
Spilomantis_occipitalis	KX434816.1_Spiocc	R.Palearctic_R.Indo-Malaysian	3_6	0010010
Spilomantis_occipitalis_2	KX091854.1_Spiocc2	R.Palearctic_R.Indo-Malaysian	3_6	0010010
Stagmatoptera_biocellata	MW357302.1_Stabio	R.Neotropical	2	0100000
Statilia_agresta	NC_086820.1_Staagr	R.Palearctic	3	0010000
Statilia_flavobrunnea	NC_065761.1_Stafla	R.Palearctic_R.Indo-Malaysian	3_6	0010010
Statilia_maculata	NC_065760.1_Stamac	R.Nearctic_R.Palearctic_R.Indo-Malaysian	1_3_6	1010010
Statilia_sp.	KU201316.1_Staspe	R.Nearctic_R.Palearctic_R.Indo-Malaysian_R.Australasian	1_3_6_7	1010011
Statilia_sp._2	OL414957.1_Staspe2	R.Nearctic_R.Palearctic_R.Indo-Malaysian_R.Australasian	1_3_6_7	1010011
Stenotoxodera_porioni	KY689118.1_Stepor	R.Indo-Malaysian	6	0000010
Tamolanica_tamolana	NC_007702.1_Tamtam	R.Australasian	7	0000001
Tarachomantis_alaotrana	KX434862.1_Tarala	R.Madagascan	5	0000100
Taumantis_sigiana	KX434817.1_Tausig	R.Afrotropical	4	0001000
Tenodera_angustipennis	NC_065759.1_Tenang	R.Nearctic_R.Palearctic	1_3	1010000
Tenodera_aridifolia_brevicollis	OK542393.1_Tenaribre	R.Palearctic	3	0010000
Tenodera_sinensis	NC_030266.1_Tensin	R.Nearctic_R.Palearctic_R.Indo-Malaysian_R.Australasian	1_3_6_7	1010011
Tenodera_sp.	OM202552.1_Tenspe	R.Nearctic_R.Palearctic_R.Afrotropical_R.Indo-Malaysian_R.Australasian	1_3_4_6_7	1011011
Theopompa_maculosa	NC_086832.1_Themac	R.Palearctic	3	0010000
Theopompa_milligratulata	KX434849.1_Themil	R.Indo-Malaysian	6	0000010
Theopompa_ophthalmica	NC_086827.1_Theoph	R.Palearctic_R.Indo-Malaysian	3_6	0010010
Theopompa_sp.	KU201314.1_Thespe	R.Palearctic_R.Indo-Malaysian	3_6	0010010
Theopropus_cattulus	KX434829.1_Thecat	R.Palearctic_R.Indo-Malaysian	3_6	0010010
Theopropus_elegans	KY689125.1_Theele	R.Indo-Malaysian	6	0000010
Theopropus_rubrobrunneus	KX434818.1_Therub	R.Indo-Malaysian	6	0000010
Theopropus_sinecus	NC_086823.1_Thesin	R.Palearctic_R.Indo-Malaysian	3_6	0010010
Theopropus_sp.	OM202564.1_Thespe	R.Palearctic_R.Indo-Malaysian	3_6	0010010
Toxodera_hauseri	KX434837.1_Toxhau	R.Indo-Malaysian	6	0000010
Tropidomantis_tenera	NC_037205.1_Troten	R.Madagascan_R.Indo-Malaysian	5_6	0000110
Yersinia_mexicana	MW357303.1_Yermex	R.Nearctic	1	1000000
